title,links
기업메신저로 조직의 업무 스트레스 줄이는 방법,https://library.gabia.com/contents/groupware/11645/
클라우드 도입 시 MSP 선정 기준 3가지,https://library.gabia.com/contents/infrahosting/11598/
"클라우드, 손해 안 보고 제대로 쓰려면? ③ - 클라우드 구성 방식",https://library.gabia.com/contents/infrahosting/11540/
전문 비즈니스 컨설팅이 0원? - 클라우드 컨설팅 지원 사업,https://library.gabia.com/contents/infrahosting/11505/
그룹웨어 전자결재로 ESG 경영이 가능하다?!,https://library.gabia.com/contents/groupware/11520/
"공공 클라우드 필수 관문, CSAP SaaS 보안 인증",https://library.gabia.com/contents/infrahosting/11486/
"클라우드, 손해 안 보고 제대로 쓰려면? ② - 고가용성 기능들",https://library.gabia.com/contents/infrahosting/11395/
기업메일 관리로 효율성과 보안성 둘 다 잡기,https://library.gabia.com/contents/groupware/11363/
MSP란? 클라우드 도입 전 반드시 알아야 할 사실,https://library.gabia.com/contents/infrahosting/11317/
"클라우드, 손해 안 보고 제대로 쓰려면? - 고가용성 개념과 중요성",https://library.gabia.com/contents/infrahosting/11277/
"기업 메신저가 주는 재택근무 꿀맛, 보안에선 쓴맛?!",https://library.gabia.com/contents/groupware/11249/
1억 원의 주인공을 찾는다고? - KDB 스타트업 프로그램,https://library.gabia.com/contents/infrahosting/11209/
협업툴에서 화상회의는 이제 필수?,https://library.gabia.com/contents/groupware/11188/
그룹웨어도 클라우드가 대세?!,https://library.gabia.com/contents/groupware/11143/
"안에서 새는 기업메일 정보, 사전차단 방법",https://library.gabia.com/contents/groupware/11086/
데이터 구매비 80%를 대신 내준다? - 데이터바우처 지원 사업,https://library.gabia.com/contents/infrahosting/10971/
"기업메일, 신뢰가 없을수록 안전하다?",https://library.gabia.com/contents/groupware/10924/
'다중 인증(MFA)'이란? 비밀번호 믿지 마세요!,https://library.gabia.com/contents/infrahosting/10898/
‘한국의 실수’라 불리는 지원 사업 - 팁스(TIPS) 프로그램,https://library.gabia.com/contents/infrahosting/10593/
"전자세금계산서 의무 발급 대상자, 2023년에 또 확대된다?",https://library.gabia.com/contents/groupware/10762/
세금계산서 수정 발급 기한이 늘어났다고?,https://library.gabia.com/contents/groupware/10619/
"고난의 7월 연차사용촉진, 간단하게 끝내기",https://library.gabia.com/contents/groupware/10598/
“100만 원 드립니다” 전자세금계산서 세액 공제 알아보기,https://library.gabia.com/contents/groupware/10503/
"클라우드 컴퓨팅의 종류, DaaS란?",https://library.gabia.com/contents/infrahosting/10517/
"인터넷 익스플로러 없이 일할 준비, 되셨나요?",https://library.gabia.com/contents/groupware/10459/
전자세금계산서 의무 발급 대상자가 늘어났다고?,https://library.gabia.com/contents/groupware/10440/
전자세금계산서의 작성일자는 ‘작성하는 날짜’가 아니다?,https://library.gabia.com/contents/groupware/10374/
"가비아, 2021 클라우드 산업대상 '장관상' 수상",https://library.gabia.com/contents/infrahosting/10347/
2022년 가비아 달력 세트 개봉기,https://library.gabia.com/contents/inside/10313/
내국신용장이 개설되었다면? 전자세금계산서 수정 발급 4,https://library.gabia.com/contents/groupware/10281/
"2022년 공휴일 총 67일, 직장인이라면 모든 공휴일에 쉴까?",https://library.gabia.com/contents/groupware/10258/
반품되거나 계약이 취소되었다면? 전자세금계산서 수정 발급 3,https://library.gabia.com/contents/groupware/10213/
"일과 삶을 분리하는 방법, 기업 메신저",https://library.gabia.com/contents/groupware/10188/
공급가액이 달라졌다면? 전자세금계산서 수정 발급 2,https://library.gabia.com/contents/groupware/10101/
"기업 메일이란? – 정의, 필요성, 도입 방법 알아보기",https://library.gabia.com/contents/groupware/10073/
실수로 작성일자를 잘못 적었다면? 전자세금계산서 수정 발급 1,https://library.gabia.com/contents/groupware/9997/
"협업 툴이란? - 정의, 장단점 알아보기",https://library.gabia.com/contents/groupware/9969/
스마트 광고 고객 사례 - 루트임팩트,https://library.gabia.com/contents/9930/
전자세금계산서는 취소나 삭제가 불가능하다? 수정 발급 알아보기,https://library.gabia.com/contents/groupware/9843/
검색 광고 키워드를 선정할 때 인공지능 기술이 중요한 이유,https://library.gabia.com/contents/9881/
"그룹웨어란? - 정의, 필요성, 종류 알아보기",https://library.gabia.com/contents/groupware/9823/
전자세금계산서 발급과 전송은 다르다? 가산세 알아보기 2,https://library.gabia.com/contents/groupware/9675/
기업 담당자가 꼭 알아야 하는 '주 52시간'의 3가지 의미,https://library.gabia.com/contents/groupware/9590/
전자세금계산서를 늦게 발급했다면? 가산세 알아보기 1,https://library.gabia.com/contents/groupware/9521/
망하는 조직이 소통하는 방법,https://library.gabia.com/contents/groupware/9435/
기업이 개인용 메신저를 쓰지 않는 3가지 이유,https://library.gabia.com/contents/groupware/9395/
스마트 쇼핑 광고 - 판매자 센터 연동하기,https://library.gabia.com/contents/9367/
인공 지능 검색 광고에서 브랜드 키워드의 중요성,https://library.gabia.com/contents/9360/
전환 추적 태그란? - 개념/장점/방법,https://library.gabia.com/contents/9314/
서버호스팅 vs 클라우드 서버 vs 베어메탈 서버 비교,https://library.gabia.com/contents/infrahosting/9335/
비즈니스에 최적화 된 서버 선택 방법,https://library.gabia.com/contents/infrahosting/9320/
베어메탈 서버(Bare Metal Server)란?,https://library.gabia.com/contents/infrahosting/9300/
스마트 검색 광고 소개: 일반 검색 광고와의 차이점,https://library.gabia.com/contents/9296/
2021년 그룹웨어 트렌드 전망,https://library.gabia.com/contents/groupware/9280/
2021년 주요 사이버 보안 위협 예측,https://library.gabia.com/contents/9266/
"파이썬(Python) 바로 알기 - 특징, 장점, 활용 사례",https://library.gabia.com/contents/9256/
BeautifulSoup와 requests로 웹 파싱해보기 - 파이썬 실습,https://library.gabia.com/contents/9239/
ERP 회계경영관리 알아보기,https://library.gabia.com/contents/9234/
ERP 도입 시 고려사항,https://library.gabia.com/contents/9231/
비즈니스에 ERP가 필요한 이유,https://library.gabia.com/contents/9228/
ERP란? ERP의 개념 및 도입 현황,https://library.gabia.com/contents/9225/
언택트 시대의 기업 메일이 중요한 이유,https://library.gabia.com/contents/groupware/9200/
포스트 코로나 시대의 클라우드,https://library.gabia.com/contents/infrahosting/9177/
클라우드 플랫폼과 마이크로서비스,https://library.gabia.com/contents/infrahosting/9154/
"퍼블릭 클라우드, 프라이빗 클라우드, 하이브리드 클라우드",https://library.gabia.com/contents/infrahosting/9147/
클라우드 마이그레이션 전략 알아보기,https://library.gabia.com/contents/infrahosting/7705/
클라우드 vs 웹호스팅 vs 서버호스팅 구분,https://library.gabia.com/contents/infrahosting/9118/
마이데이터란 무엇인가,https://library.gabia.com/contents/infrahosting/9142/
"클라우드에 저장된 개인정보, 어떤 문제가 있을까",https://library.gabia.com/contents/infrahosting/9136/
"클라우드 컴퓨팅의 종류, SaaS란?",https://library.gabia.com/contents/infrahosting/9123/
기업이 하이브리드 클라우드를 주목하는 이유,https://library.gabia.com/contents/infrahosting/7495/
"클라우드란 무엇인가 - 개념, 장점, 서비스 구분",https://library.gabia.com/contents/infrahosting/9114/
"클라우드 컴퓨팅의 종류, PaaS란?",https://library.gabia.com/contents/infrahosting/9105/
"클라우드 컴퓨팅의 종류, IaaS란?",https://library.gabia.com/contents/infrahosting/9097/
클라우드 DB 암호화 도입/구축 팁,https://library.gabia.com/contents/infrahosting/9071/
클라우드 스냅샷이란?,https://library.gabia.com/contents/infrahosting/9063/
클라우드 백업이란?,https://library.gabia.com/contents/infrahosting/9064/
[클라우드 이해] CDN 아키텍처,https://library.gabia.com/contents/infrahosting/9051/
클라우드 스토리지 종류(파일/블록/객체 스토리지),https://library.gabia.com/contents/infrahosting/9026/
SSH 명칭부터 접속까지 한 번에 이해하기 2,https://library.gabia.com/contents/infrahosting/9008/
SSH 명칭부터 접속까지 한 번에 이해하기 1,https://library.gabia.com/contents/infrahosting/9002/
클라우드 DB 암호화란?,https://library.gabia.com/contents/infrahosting/8977/
[클라우드 이해] CDN이란?,https://library.gabia.com/contents/infrahosting/8985/
[클라우드 이해] 스냅샷과 백업의 차이점,https://library.gabia.com/contents/infrahosting/8976/
AWS 디지털 고객 경험(DCX) 사례- 지나인,https://library.gabia.com/contents/8946/
AWS 디지털 고객 경험(DCX) 사례- MR.PIC,https://library.gabia.com/contents/8936/
AWS Elastic File System 알아보기,https://library.gabia.com/contents/8928/
"AWS CloudFront 오류 페이지 설정 (with EC2, S3)",https://library.gabia.com/contents/tech/8921/
"Private Windows 원격 접속 방법(AWS Putty, Linux Bastion EC2)",https://library.gabia.com/contents/tech/8912/
AWS Time Sync Service 구성,https://library.gabia.com/contents/tech/8905/
AWS Private Link(with S3),https://library.gabia.com/contents/8894/
AWS Network ACL과 Security Group 차이점,https://library.gabia.com/contents/8892/
Region 간 VPC Peering하기,https://library.gabia.com/contents/tech/8881/
VPC Flow Logs 알아보기,https://library.gabia.com/contents/tech/8871/
Amazon DLM으로 EBS 스냅샷 관리 자동화하는 방법,https://library.gabia.com/contents/8850/
Amazon EBS를 여러 EC2에 연결하는 방법,https://library.gabia.com/contents/tech/8848/
국내 그룹웨어사 전자세금계산서 상품 비교하기,https://library.gabia.com/contents/groupware/8836/
효율적인 계산서 업무 수행하기,https://library.gabia.com/contents/groupware/8818/
[기고] 코로나發 클라우드 패러다임 (1),https://library.gabia.com/contents/infrahosting/8793/
[기고] 코로나發 클라우드 패러다임 (2),https://library.gabia.com/contents/infrahosting/8803/
국내 그룹웨어 5개사 비교하기 _부가 서비스/고객 지원편,https://library.gabia.com/contents/groupware/8778/
국내 그룹웨어 5개사 비교하기_기능편,https://library.gabia.com/contents/groupware/8768/
국내 그룹웨어 5개사 비교하기_상품/가격편,https://library.gabia.com/contents/groupware/8759/
슬기로운 유연근무제 정부 지원금 신청하기,https://library.gabia.com/contents/groupware/8708/
정부 지원금 받는 유연근무제 도입하기,https://library.gabia.com/contents/groupware/8684/
"가비아 클라우드, 고객 충성도 대상 시상식 참가",https://library.gabia.com/contents/infrahosting/8653/
재택근무도 예외 없는 근태 관리하기,https://library.gabia.com/contents/8622/
집에서도 결재 문서 기안하기,https://library.gabia.com/contents/8613/
공간 제약 없는 커뮤니케이션하기,https://library.gabia.com/contents/8595/
가비아 프로젝트 팀 TEAMS 소개,https://library.gabia.com/contents/8568/
husky 로 git hook 하자,https://library.gabia.com/contents/8492/
화상회의로 협업하기,https://library.gabia.com/contents/%ec%9e%ac%ed%83%9d%ea%b7%bc%eb%ac%b4/8546/
"재택근무, 새로운 근무 패러다임의 시대",https://library.gabia.com/contents/8531/
Laravel에 Modern 하게 DTO 사용하기,https://library.gabia.com/contents/8488/
"가비아, 2020 브랜드 고객 충성도 대상 수상",https://library.gabia.com/contents/infrahosting/8462/
"원격근무를 가능케 하는 기술, VPN",https://library.gabia.com/contents/security/8394/
[이적X하이웍스] 이적이 알려주는 하이웍스 기능 알아보기,https://library.gabia.com/contents/groupware/8385/
[이적X하이웍스] 광고 촬영 비하인드 스토리 공개,https://library.gabia.com/contents/groupware/8368/
REST API 관점에서 바라보는 HTTP 상태 코드,https://library.gabia.com/contents/8346/
RESTful API 설계 가이드,https://library.gabia.com/contents/8339/
PHP와 Node.js 바로 알기,https://library.gabia.com/contents/8313/
"[Node.js] React.js vs Vue.js, 자바스크립트 프레임워크 비교",https://library.gabia.com/contents/8284/
하이웍스 그룹웨어 고객사례: 도원회계법인,https://library.gabia.com/contents/groupware/8267/
Non Active X로 만나는 하이웍스 세금계산서,https://library.gabia.com/contents/groupware/8259/
AWS 도입 사례: 캐스트프로,https://library.gabia.com/contents/infrahosting/8243/
"[보안메일] DMARC, 도메인기반이메일인증",https://library.gabia.com/contents/groupware/8235/
"[보안메일] DKIM, 도메인키인증메일",https://library.gabia.com/contents/groupware/8226/
"[보안메일] SPF, 메일서버등록제",https://library.gabia.com/contents/groupware/8218/
[Node.js] 인기 NPM 패키지 알아보기,https://library.gabia.com/contents/8206/
한국 기업의 전자결재 문화 알아보기,https://library.gabia.com/contents/groupware/8055/
[Node.js] Socket.IO와 Redis를  활용한 채팅 서버 개발,https://library.gabia.com/contents/8018/
[Node.js] 개발 환경 갖추기: 텍스트 에디터 소개,https://library.gabia.com/contents/7989/
클라우드 보안인증(CSAP) 알아보기,https://library.gabia.com/contents/infrahosting/7944/
[주52시간] 유연근무제 운영하기,https://library.gabia.com/contents/groupware/7923/
[주52시간] 사전승인으로 연장근로 관리하기,https://library.gabia.com/contents/groupware/7892/
[주52시간] 출퇴근 기록과 근무시간 관리하기,https://library.gabia.com/contents/groupware/7887/
[주52시간] 초과근무수당 계산하기,https://library.gabia.com/contents/groupware/7872/
[가비아 뉴스] 해외 디자이너 초청 강연,https://library.gabia.com/contents/inside/7848/
[주52시간] 법정근로시간 운영 원칙,https://library.gabia.com/contents/groupware/7834/
[주52시간] 개정 근로기준법 알아보기,https://library.gabia.com/contents/groupware/7822/
[가비아 뉴스] Innovation Solution Day 2019 후기,https://library.gabia.com/contents/groupware/7810/
기업들 낚는 문자/메일 피싱 사기,https://library.gabia.com/contents/security/7788/
[가비아 뉴스] JSConf korea 2019 후기,https://library.gabia.com/contents/inside/7796/
스팸 메일의 종류 및 대처 방안,https://library.gabia.com/contents/security/7767/
협업에서 정말 중요한 것,https://library.gabia.com/contents/groupware/7721/
"모니터링, 이제는 선택이 아닌 필수!",https://library.gabia.com/contents/infrahosting/7748/
하이웍스 기초 교육 후기,https://library.gabia.com/contents/groupware/7739/
업무 상황별 효과적인 커뮤니케이션 수단,https://library.gabia.com/contents/groupware/7684/
코딩 없이 만드는 반응형 홈페이지,https://library.gabia.com/contents/domain/7695/
하이웍스 그룹웨어 고객사례: 보그인터내셔날,https://library.gabia.com/contents/groupware/7663/
하이웍스 API 이용 사례: 그린카,https://library.gabia.com/contents/groupware/7637/
하이웍스 API 이용 사례: 아이퀘스트,https://library.gabia.com/contents/groupware/7630/
하이웍스 API 이용 사례: 에스원,https://library.gabia.com/contents/groupware/7597/
하이웍스 API 이용 사례: 신한은행,https://library.gabia.com/contents/groupware/7590/
"클라우드 퍼스트 시대, 기업의 클라우드 활용 현황은?",https://library.gabia.com/contents/infrahosting/7579/
Portainer로 도커(Docker) 쉽게 사용하기!,https://library.gabia.com/contents/infrahosting/7503/
서버 가상화 기술의 진화: VM과 컨테이너,https://library.gabia.com/contents/infrahosting/7426/
하이웍스 그룹웨어 고객사례: 혜민병원,https://library.gabia.com/contents/groupware/7406/
하이웍스 그룹웨어 고객사례: 천우모터스,https://library.gabia.com/contents/groupware/7401/
협업 툴이 떠오르는 이유,https://library.gabia.com/contents/groupware/7389/
왜 멀티 클라우드가 필요한가요?,https://library.gabia.com/contents/infrahosting/7349/
승인메일로 메일 발송 실수 줄이기,https://library.gabia.com/contents/groupware/7338/
무제한 메일로 용량 걱정 없이 기업메일 사용하기,https://library.gabia.com/contents/groupware/7328/
개인메일보다 기업메일을 사용하면 좋은점,https://library.gabia.com/contents/groupware/7322/
기업메일 주요 기능 알아보기,https://library.gabia.com/contents/groupware/7304/
우리 회사에 딱 맞는 기업메일 도입하기,https://library.gabia.com/contents/groupware/7283/
"WWW 30주년, 웹은 아직도 열린 공간일까?",https://library.gabia.com/contents/infrahosting/7278/
"해커에겐 너무나 가벼운 표적, 중소기업",https://library.gabia.com/contents/security/7263/
안전하고 효율적인 백업 전략 세우기,https://library.gabia.com/contents/infrahosting/7241/
비즈니스 연속성을 실현하는 '백업' 이해하기,https://library.gabia.com/contents/infrahosting/7224/
협업을 위한 성공적인 데브옵스(DevOps) 프로젝트,https://library.gabia.com/contents/infrahosting/7212/
"클라우드 시대, 엔지니어의 재조명",https://library.gabia.com/contents/infrahosting/7201/
하이웍스가 이야기하는 비즈니스 메일의 진화,https://library.gabia.com/contents/groupware/7188/
"가비아 IDC의 핵심, 통합관제센터",https://library.gabia.com/contents/infrahosting/7149/
비즈니스에 필요한 IT를 쉽게 시작하는 방법,https://library.gabia.com/contents/infrahosting/7145/
SaaS 클라우드에 기업 데이터를 믿고 보관해도 될까?,https://library.gabia.com/contents/infrahosting/7141/
"도메인 등록업체 선정, 이렇게 하세요",https://library.gabia.com/contents/domain/3073/
카톡 업무지시를 피하는 기업용 메신저 사용법,https://library.gabia.com/contents/groupware/7107/
"기업의 보안 수준, 어떻게 높일까?",https://library.gabia.com/contents/infrahosting/5516/
[하이웍스 광고] 이상민의 CF 촬영 비하인드스토리 공개!,https://library.gabia.com/contents/groupware/5525/
웹사이트에서 주고받는 정보는 어떻게 보호될까?,https://library.gabia.com/contents/infrahosting/5483/
[특별기고] CPU취약점 종합보고서③: Spectre Variant 2,https://library.gabia.com/contents/infrahosting/5465/
리눅스에서 사용하는 MSSQL Server 2017,https://library.gabia.com/contents/infrahosting/5461/
마이크로소프트 SPLA의 모든 것,https://library.gabia.com/contents/infrahosting/5454/
MS SQL Server 2017 라이선스 구매 방법,https://library.gabia.com/contents/infrahosting/5448/
[특별기고] CPU취약점 종합보고서②: MeltDown과 Spectre Variant 1,https://library.gabia.com/contents/infrahosting/5425/
[특별기고] CPU 취약점 종합보고서 ①: 취약점 기본원리,https://library.gabia.com/contents/infrahosting/5412/
호스팅에서 보안이 점점 더 중요해지는 이유,https://library.gabia.com/contents/infrahosting/5408/
"피싱 사이트, 제대로 알고 예방하세요!",https://library.gabia.com/contents/security/5380/
개인정보 유출에 대비하는 3가지 방법,https://library.gabia.com/contents/infrahosting/5373/
PC와 모바일이 악성코드에 감염되는 원리,https://library.gabia.com/contents/infrahosting/5367/
인트라넷 보안의 약점은 APT! 대응 방법은?,https://library.gabia.com/contents/infrahosting/5363/
업무에 필요한 모든 기능을 담은 하이웍스,https://library.gabia.com/contents/groupware/5310/
그룹웨어 기능 알아보기: 전자결재,https://library.gabia.com/contents/groupware/5263/
그룹웨어 기능 알아보기: 게시판,https://library.gabia.com/contents/groupware/5278/
그룹웨어의 유래,https://library.gabia.com/contents/groupware/5256/
그룹웨어 보안,https://library.gabia.com/contents/groupware/5275/
그룹웨어 구축형 VS 임대형,https://library.gabia.com/contents/groupware/5257/
"비트코인, 해킹을 위한 검은 화폐인가 효용성 있는 신개념 화폐인가?",https://library.gabia.com/contents/infrahosting/5205/
영화 자막파일에도 랜섬웨어가?,https://library.gabia.com/contents/infrahosting/5202/
무시하면 큰일나는 도메인의 과거,https://library.gabia.com/contents/domain/4965/
"바이러스부터 랜섬웨어까지, 자주 나타나는 악성코드들",https://library.gabia.com/contents/infrahosting/4961/
내 홈페이지에 딱 맞는 색깔 고르기 팁,https://library.gabia.com/contents/domain/4945/
혹시 내 PC가 바이러스에? 악성코드 감염 징후와 해결법,https://library.gabia.com/contents/security/4935/
"도메인에 대한 오해, 무엇이 있을까?",https://library.gabia.com/contents/domain/4912/
.com 도메인을 얻는 5가지 스마트한 방법,https://library.gabia.com/contents/domain/4908/
웹방화벽 쉽게 비교하기,https://library.gabia.com/contents/infrahosting/4704/
오피스365와 오피스2016은 어떻게 다를까,https://library.gabia.com/contents/groupware/4523/
"오피스365의 세 종류 – 가정용, 비즈니스용, 엔터프라이즈용",https://library.gabia.com/contents/groupware/4529/
"오피스365, 구매는 어디서?",https://library.gabia.com/contents/groupware/4535/
"2016년 도메인 업계의 새로운 바람, ‘New gTLD’",https://library.gabia.com/contents/domain/4469/
리눅스 보안 이슈를 해결하는 4가지 방법,https://library.gabia.com/contents/infrahosting/4461/
"검색엔진 최적화(SEO), 가장 효율적인 방법은?",https://library.gabia.com/contents/domain/4359/
"믿을만한 호스팅 업체, 어디 없을까?",https://library.gabia.com/contents/infrahosting/4348/
중소기업이 클라우드 도입으로 절약할 수 있는 5가지 비용,https://library.gabia.com/contents/infrahosting/4275/
DNS 구성 요소 – ③ 존 파일(Zone File),https://library.gabia.com/contents/domain/4152/
DNS 구성 요소 - ② 도메인 네임 서버(Domain Name Server),https://library.gabia.com/contents/domain/4146/
DNS 구성 요소 - ① 도메인 이름 공간 (Domain Name Space),https://library.gabia.com/contents/domain/4137/
"인터넷 발전사로 알아보는 DNS – ④ 전환, 새로운 시스템을 찾아서",https://library.gabia.com/contents/domain/4129/
인터넷 발전사로 알아보는 DNS – ③ 네트워크의 확장,https://library.gabia.com/contents/domain/4071/
인터넷 발전사로 알아보는 DNS – ② 호스트의 변화,https://library.gabia.com/contents/domain/4020/
인터넷 발전사로 알아보는 DNS – ① 최초의 연결,https://library.gabia.com/contents/domain/4017/
'네임서버 설정'으로 알아보는 DNS: ③ 네임서버 정보는 어디에서 얻을 수 있나,https://library.gabia.com/contents/domain/4009/
'네임서버 설정'으로 알아보는 DNS: ② IP 주소와 호스트명 알아보기,https://library.gabia.com/contents/domain/4005/
'네임서버 설정'으로 알아보는 DNS: ① 도메인 등록 페이지에서 DNS 키워드 찾기,https://library.gabia.com/contents/domain/3999/
DNS 기초 지식 - 컴퓨터의 실체와 작동 원리 下,https://library.gabia.com/contents/domain/3985/
DNS 기초 지식 - 컴퓨터의 실체와 작동 원리 上,https://library.gabia.com/contents/domain/3979/
VPS 호스팅 선택 전 이것만 체크하자!,https://library.gabia.com/contents/infrahosting/3941/
가상서버(VPS호스팅/클라우드) 비교하기,https://library.gabia.com/contents/infrahosting/3915/
가상서버와 물리서버 상세 비교하기,https://library.gabia.com/contents/infrahosting/3864/
"‘공간’과 ‘비용’으로 알아보는 웹호스팅, VPS, 서버호스팅, 클라우드의 차이점",https://library.gabia.com/contents/infrahosting/3605/
쉽게 알아보는 VPS의 정의와 장단점,https://library.gabia.com/contents/infrahosting/3594/
알고 보면 쉬운 랜섬웨어 예방법 6가지,https://library.gabia.com/contents/infrahosting/3587/
[리눅스 서버 구축하기] 7. MySQL 설치,https://library.gabia.com/contents/infrahosting/3564/
[리눅스 서버 구축하기] 6. DNS 설정,https://library.gabia.com/contents/infrahosting/3546/
[리눅스 서버 구축하기] 5. php 설치와 설정,https://library.gabia.com/contents/infrahosting/3530/
[리눅스 서버 구축하기] 4. 아파치 설치 및 설정,https://library.gabia.com/contents/infrahosting/3513/
[리눅스 서버 구축하기] 3. CentOS 설치 방법,https://library.gabia.com/contents/infrahosting/3472/
[리눅스 서버 구축하기] 2. 리눅스 배포판의 종류와 특징,https://library.gabia.com/contents/infrahosting/3466/
[리눅스 서버 구축하기] 1. 기초 지식 알아보기,https://library.gabia.com/contents/infrahosting/3448/
클라우드 저장 장치와 P2P 서비스의 차이점,https://library.gabia.com/contents/infrahosting/3270/
클라우드 컴퓨팅과 보안 문제,https://library.gabia.com/contents/infrahosting/3266/
Thin-Client/노하드 시스템이란?,https://library.gabia.com/contents/infrahosting/3257/
홈페이지에 꼭 들어가야 하는 필수항목,https://library.gabia.com/contents/domain/3076/
"도메인 작명의 핵심, 간결성과 대표성",https://library.gabia.com/contents/domain/3069/
웹 접근성을 높이는 두 가지 방법,https://library.gabia.com/contents/domain/3010/
장벽 없는 홈페이지 만들기 - 웹 접근성이란?,https://library.gabia.com/contents/domain/3005/
gTLD 분쟁은 어떻게 해결할까,https://library.gabia.com/contents/domain/2980/
도메인 분쟁 중재 판정의 결과,https://library.gabia.com/contents/domain/2994/
도메인 분쟁의 체크 포인트!,https://library.gabia.com/contents/domain/2991/
"도메인 분쟁, 중재는 어떻게?",https://library.gabia.com/contents/domain/2984/
"도메인 분쟁의 배경, 상표권",https://library.gabia.com/contents/domain/2979/
포털 사이트의 블로그나 카페에 도메인 연결하는 방법,https://library.gabia.com/contents/domain/2970/
"도메인, 웹호스팅 업체가 다를 때 홈페이지에 도메인 연결하는 방법",https://library.gabia.com/contents/domain/2958/
"무료 홈페이지 빌더, WIX 활용법 ③ 관리툴 기능 살펴보기",https://library.gabia.com/contents/domain/2949/
"무료 홈페이지 빌더, WIX 활용법 ② 도메인 연결하기",https://library.gabia.com/contents/domain/2944/
"무료 홈페이지 빌더, WIX 활용법 ① 홈페이지 만들기",https://library.gabia.com/contents/domain/2932/
도메인에 관해서는 구글보다 똑똑한 WHOIS는 어떻게 생겨났을까?,https://library.gabia.com/contents/domain/2917/
"도메인 세계의 뜨거운 감자, WHOIS: 정보의 투명한 공개인가 개인정보의 침해인가",https://library.gabia.com/contents/domain/2913/
"‘어떤 도메인이든’ 검색 가능한 WHOIS는 무엇이며, 어떤 정보가 제공될까?",https://library.gabia.com/contents/domain/2900/
"업체마다 다른 도메인 등록 비용, 무엇이 진짜일까?",https://library.gabia.com/contents/domain/2860/
"도메인, 한 번 등록하면 영원히 내 것이 되는 것일까?",https://library.gabia.com/contents/domain/2853/
"도메인, .com, .net만이 답일까?",https://library.gabia.com/contents/domain/2846/
도메인 등록은 어디에서 할 수 있나?,https://library.gabia.com/contents/domain/2842/
FTP를 이용하는 간단한 웹페이지 업로드,https://library.gabia.com/contents/domain/2560/
"도메인 활용의 기본, 웹사이트 연결하기",https://library.gabia.com/contents/domain/2727/
TLD 한 눈에 비교하기,https://library.gabia.com/contents/domain/2467/
서버임대? 구매? 클라우드? - 적절한 선택하기,https://library.gabia.com/contents/infrahosting/2675/
취약점 패치 및 보안 업데이트의 중요성,https://library.gabia.com/contents/infrahosting/2668/
암호화 해야 하는 정보와 저장하면 안 되는 정보,https://library.gabia.com/contents/infrahosting/2665/
장벽 없는 홈페이지 만들기 – 웹 표준화,https://library.gabia.com/contents/domain/2614/
웹 표준을 준수한 홈페이지의 긍정적 효과,https://library.gabia.com/contents/domain/2611/
웹사이트의 꾸준한 관리를 위한 유지보수 서비스,https://library.gabia.com/contents/domain/2591/
홈페이지 외주제작의 6단계 프로세스,https://library.gabia.com/contents/domain/2588/
홈페이지 제작 외주업체 선정의 3가지 기준,https://library.gabia.com/contents/domain/2581/
시간이 부족한 분들을 위한 홈페이지 제작 방법,https://library.gabia.com/contents/domain/2575/
홈페이지 제작의 두 가지 방식 – 빌더제작과 맞춤제작,https://library.gabia.com/contents/domain/2571/
서버 가상화의 장점 – 유연성,https://library.gabia.com/contents/infrahosting/2263/
SSL 보안서버 인증서가 필요한 이유,https://library.gabia.com/contents/infrahosting/2312/
보안에 투자할 비용을 산정하는 방법,https://library.gabia.com/contents/infrahosting/2315/
내 블로그에 새로운 이름을 입히는 방법: 도메인 연결하기,https://library.gabia.com/contents/domain/2450/
랙에 네트워크 장비를 설치하는 방법,https://library.gabia.com/contents/infrahosting/2192/
랙에 서버를 설치하는 방법,https://library.gabia.com/contents/infrahosting/2201/
서비스에 따라 달라지는 IDC의 위치,https://library.gabia.com/contents/infrahosting/2322/
"IDC 설계의 핵심, 전원체계 들여다보기",https://library.gabia.com/contents/infrahosting/2330/
IDC에는 케이지가 있다?,https://library.gabia.com/contents/infrahosting/2335/
Percona Xtradb 이용한 MySQL클러스터,https://library.gabia.com/contents/infrahosting/2317/
내가 등록한 도메인을 팔 수는 없나?,https://library.gabia.com/contents/domain/2310/
도메인 중개 사이트에 등록된 매물 구매하기,https://library.gabia.com/contents/domain/2307/
도메인 이름 직거래는 이렇게!,https://library.gabia.com/contents/domain/2302/
"등록된 도메인, 살 수는 없을까?",https://library.gabia.com/contents/domain/2293/
클라우드 컴퓨팅 서비스의 종류,https://library.gabia.com/contents/infrahosting/2257/
클라우드 컴퓨팅의 다섯 가지 조건,https://library.gabia.com/contents/infrahosting/2249/
"인구, 소득, 도메인의 상관관계",https://library.gabia.com/contents/domain/2280/
가상화의 세 가지 방식,https://library.gabia.com/contents/infrahosting/2271/
세계 최초의 도메인은 무엇일까?,https://library.gabia.com/contents/domain/2277/
윈도우95에서 시작된 2차 도메인 전성기,https://library.gabia.com/contents/domain/2269/
최초의 도메인과 함께 보는 1단계 도메인의 탄생,https://library.gabia.com/contents/domain/2258/
홀쭉한 도메인 정보와 뚱뚱한 도메인 정보,https://library.gabia.com/contents/domain/2251/
도메인 이전에 대해 자주 하는 질문들,https://library.gabia.com/contents/domain/2241/
호스팅 업체와의 컨설팅 과정에서 받을 수 있는 질문들,https://library.gabia.com/contents/infrahosting/2239/
"IDC 서비스 컨설팅, 왜 필요한가?",https://library.gabia.com/contents/infrahosting/2235/
도메인 소유권 이전 절차의 유의 사항,https://library.gabia.com/contents/domain/2234/
안전한 웹서비스를 위한 두 가지 웹 방화벽,https://library.gabia.com/contents/infrahosting/2229/
도메인 소유권 이전의 정의와 제한,https://library.gabia.com/contents/domain/2228/
도메인 기관이전 절차의 A to Z,https://library.gabia.com/contents/domain/2224/
리눅스 운영체제 iptables에 기반한 방화벽 설정 방법,https://library.gabia.com/contents/infrahosting/2214/
기관이전 제한은 없나? 사전 확인부터 꼼꼼하게!,https://library.gabia.com/contents/domain/2220/
기관 이전과 소유권 이전의 차이점,https://library.gabia.com/contents/domain/2216/
함부로 못 바꾸는 도메인 정보는?,https://library.gabia.com/contents/domain/2212/
"네트워크를 지키는 요새, 네트워크 방화벽의 역할",https://library.gabia.com/contents/infrahosting/2209/
먼저 결제한 사람이 도메인의 주인이 된다,https://library.gabia.com/contents/domain/2204/
놓치면 큰일나는 도메인 등록 필수 정보!,https://library.gabia.com/contents/domain/2200/
"웹사이트 제작의 첫 걸음, 도메인",https://library.gabia.com/contents/domain/2183/
가비아가 IDC에서 사용하는 4개의 회선,https://library.gabia.com/contents/infrahosting/2184/
V-IDC 사업자와 계약했을 때의 장점,https://library.gabia.com/contents/infrahosting/2189/
가비아 IDC 통합관제센터,https://library.gabia.com/contents/inside/1737/
[가비아 리브랜딩 프로젝트 전시회] Beyond the web,https://library.gabia.com/contents/inside/1529/
"[가비아 CI 리뉴얼] 점, 네트워크, 그리고 선",https://library.gabia.com/contents/inside/1526/
좋은 도메인 고르는 TIP,https://library.gabia.com/contents/domain/1534/
웹호스팅 / 서버호스팅 / 클라우드 차이점은?,https://library.gabia.com/contents/infrahosting/1311/
"[인프라 용어 알아보기] 제 3탄: 디스크(DISK) – 용량, 회전수, 버퍼 용량, 크기, 인터페이스, A/S 보증기간",https://library.gabia.com/contents/infrahosting/1242/
"[인프라 용어 알아보기] 제 2탄: 메모리(RAM) – 종류, 용량, 동작 클럭, 슬롯, ECC",https://library.gabia.com/contents/infrahosting/1237/
"[인프라 용어 알아보기] 제 1탄: CPU – 제조공정, 클럭, 코어, 스레드, 캐시 메모리",https://library.gabia.com/contents/infrahosting/1227/
서버 확장을 위한 두 가지 방법: 스케일 아웃과 스케일 업,https://library.gabia.com/contents/infrahosting/1222/
"서버 선택 시, 이것만은 꼭 확인하세요!",https://library.gabia.com/contents/infrahosting/1220/
"도메인, 등록보다 중요한 것은 보안!",https://library.gabia.com/contents/domain/979/
도메인이 전한 코카콜라의 61가지 이야기,https://library.gabia.com/contents/domain/975/
"홈페이지, 비워두지 마세요: 도메인 파킹 활용하기",https://library.gabia.com/contents/domain/971/
포털 메일 대신 도메인 메일을 쓰는 것이 좋은 세 가지 이유!,https://library.gabia.com/contents/domain/968/
'도메인 포워딩 서비스'를 이용하여 내 홈페이지의 접속 통로 넓히기,https://library.gabia.com/contents/domain/960/
"서버와 일반 컴퓨터, 무엇이 다를까?",https://library.gabia.com/contents/infrahosting/794/
KR로 대표되는 ‘ccTLD’의 등록 주기는 어떻게 될까?,https://library.gabia.com/contents/domain/731/
"COM, NET으로 대표되는 ‘gTLD’의 등록 주기는 어떻게 될까?",https://library.gabia.com/contents/domain/725/
"도메인, 영원한 소유는 없다! '도메인 라이프 사이클' 알아보기",https://library.gabia.com/contents/domain/722/
도메인에도 '단계'가 있다!,https://library.gabia.com/contents/domain/716/
"익숙한 듯, 익숙하지 않은 'TLD'란 무엇일까?",https://library.gabia.com/contents/domain/713/
도메인이란?,https://library.gabia.com/contents/domain/688/
